InvoiceId,InvoiceDate,InvoiceAmount,CustomerId,ProductId,SalesRepId
1,1/7/2019,81.75,1,1,1
2,1/7/2019,49.9,2,2,2
3,1/7/2019,485.3,3,3,3
4,1/7/2019,2.95,4,4,4
5,1/7/2019,60,5,5,5
6,1/7/2019,67.27,6,6,6
7,1/8/2019,99.72,7,7,7
8,1/9/2019,19.92,8,8,8
9,1/9/2019,17.7,9,9,9
10,1/9/2019,20.65,10,10,10
11,1/9/2019,95.6,11,11,11
12,1/9/2019,64.8,12,12,12
13,1/9/2019,139.65,13,13,13
14,1/9/2019,44.9,14,14,14
15,1/9/2019,51.8,15,15,15
16,1/9/2019,19.95,16,16,16
17,1/9/2019,111.4,17,1,17
18,1/9/2019,5.9,18,2,18
19,1/10/2019,129.35,19,3,19
20,1/10/2019,51.8,20,4,20
21,1/10/2019,369.4,21,5,21
22,1/10/2019,94.55,22,6,22
23,1/10/2019,27.95,23,7,23
24,1/10/2019,23.6,24,8,24
25,1/10/2019,109.62,25,9,25
26,1/10/2019,69.65,26,10,1
27,1/10/2019,224.65,27,11,2
28,1/11/2019,112.7,28,12,3
29,1/11/2019,229.22,29,13,4
30,1/11/2019,155.2,30,14,5
31,1/11/2019,19.93,31,15,6
32,1/11/2019,279.44,32,16,7
33,1/11/2019,62.31,33,1,8
34,1/11/2019,26.55,34,2,9
35,1/11/2019,22.41,35,3,10
36,1/11/2019,43.52,36,4,11
37,1/11/2019,442.2,37,5,12
38,1/11/2019,164.6,8,6,13
39,1/11/2019,338.05,7,7,14
40,1/12/2019,14.95,38,8,15
41,1/12/2019,308.05,39,9,16
42,1/12/2019,109.5,40,10,17
43,1/12/2019,199.8,41,11,18
44,1/12/2019,164.5,42,12,19
45,1/12/2019,104.65,43,13,20
46,1/12/2019,38.85,44,14,21
47,1/12/2019,25.9,45,15,22
48,1/12/2019,158.2,36,16,23
49,1/12/2019,119.7,38,1,24
50,1/12/2019,22.41,37,2,25
51,1/14/2019,2.49,46,3,19
52,1/14/2019,219.75,47,4,20
53,1/14/2019,77.7,48,5,21
54,1/14/2019,2.95,49,6,22
55,1/14/2019,125.65,50,7,23
56,1/14/2019,462.5,51,8,24
57,1/14/2019,61.26,52,9,25
58,1/14/2019,238.35,53,10,1
59,1/14/2019,181.3,7,11,2
60,1/15/2019,52.5,54,12,3
61,1/15/2019,26.8,55,13,4
62,1/15/2019,51.8,56,14,5
63,1/15/2019,20.65,57,15,6
64,1/15/2019,14.75,58,16,7
65,1/15/2019,84.69,59,1,8
66,1/15/2019,2.49,60,2,9
67,1/15/2019,51.8,61,3,10
68,1/15/2019,83.4,62,4,11
69,1/15/2019,184.42,63,5,19
70,1/15/2019,170.45,24,6,20
71,1/15/2019,89.7,10,7,21
72,1/16/2019,11.8,64,8,22
73,1/16/2019,119.7,65,9,23
74,1/16/2019,587.05,66,10,24
75,1/16/2019,159.6,67,11,25
76,1/16/2019,20.65,68,12,1
77,1/16/2019,470.2,24,13,2
78,1/16/2019,56.01,41,14,3
79,1/17/2019,8.85,69,15,4
80,1/17/2019,197.3,70,16,5
81,1/17/2019,27.39,71,1,6
82,1/17/2019,214.54,72,2,7
83,1/17/2019,524.25,73,3,8
84,1/17/2019,64.75,74,4,9
85,1/17/2019,389.2,10,5,10
86,1/17/2019,37.43,37,6,11
87,1/18/2019,114.7,75,7,10
88,1/18/2019,124.02,76,8,11
89,1/18/2019,77.7,77,9,12
90,1/18/2019,345.05,78,10,13
91,1/18/2019,28.8,79,11,14
92,1/18/2019,257.3,80,12,10
93,1/18/2019,20.65,81,13,11
94,1/18/2019,26.55,44,14,12
95,1/18/2019,51.8,24,15,13
96,1/19/2019,99.75,82,16,14
97,1/19/2019,261.81,83,1,10
98,1/19/2019,12.45,84,2,11
99,1/19/2019,159.7,53,3,12
100,1/21/2019,2.49,85,4,13
101,1/21/2019,25.9,86,5,14
102,1/21/2019,116.55,87,6,1
103,1/21/2019,46.55,88,7,2
104,1/21/2019,35.59,89,8,3
105,1/21/2019,42.4,90,9,4
106,1/21/2019,171.25,91,10,5
107,1/21/2019,119.7,24,11,6
108,1/21/2019,103.6,74,12,7
109,1/21/2019,314.65,38,13,8
110,1/22/2019,811,92,14,9
111,1/22/2019,59.7,93,15,10
112,1/22/2019,167.7,73,16,11
113,1/22/2019,154.45,13,1,12
114,1/22/2019,225.87,65,2,13
115,1/22/2019,94.67,84,3,14
116,1/23/2019,154.65,94,4,15
117,1/23/2019,2.95,95,5,16
118,1/23/2019,26.55,96,6,17
119,1/23/2019,199.6,97,7,18
120,1/23/2019,35.4,98,8,19
121,1/23/2019,224.25,99,9,20
122,1/23/2019,429.45,100,10,21
123,1/23/2019,290.45,101,11,22
124,1/23/2019,17.7,102,12,23
125,1/23/2019,155.3,103,13,24
126,1/23/2019,135.5,37,14,25
127,1/24/2019,92.31,104,15,1
128,1/24/2019,25.17,105,16,2
129,1/24/2019,27.65,106,1,3
130,1/24/2019,189.51,107,2,4
131,1/24/2019,79.8,108,3,5
132,1/24/2019,177.64,109,4,6
133,1/24/2019,134.55,110,5,7
134,1/24/2019,120.6,111,6,8
135,1/24/2019,303.25,112,7,9
136,1/24/2019,19.9,113,8,10
137,1/24/2019,79.6,102,9,11
138,1/24/2019,299.7,44,10,12
139,1/24/2019,194.55,94,11,13
140,1/24/2019,299.7,102,12,14
141,1/25/2019,46.47,114,13,15
142,1/25/2019,104.65,115,14,16
143,1/25/2019,77.7,73,15,17
144,1/25/2019,116.05,38,16,18
145,1/26/2019,69.65,116,1,19
146,1/26/2019,14.29,117,2,20
147,1/26/2019,104.65,118,3,21
148,1/26/2019,77.7,119,4,22
149,1/26/2019,567.95,120,5,23
150,1/26/2019,191.3,121,6,24
151,1/26/2019,25.9,122,7,25
152,1/26/2019,74.85,123,8,19
153,1/26/2019,161.35,124,9,20
154,1/26/2019,129.81,10,10,21
155,1/26/2019,212.19,38,11,22
156,1/26/2019,299.7,65,12,23
157,1/26/2019,77.7,94,13,24
158,1/26/2019,153.5,17,14,25
159,1/27/2019,167.7,125,15,1
160,1/27/2019,339.2,126,16,2
161,1/27/2019,180.25,127,1,3
162,1/27/2019,116.1,128,2,4
163,1/27/2019,125.4,129,3,5
164,1/27/2019,274.38,130,4,6
165,1/27/2019,128.33,131,5,7
166,1/27/2019,77.7,132,6,8
167,1/27/2019,164.45,37,7,9
168,1/27/2019,245.3,7,8,10
169,1/27/2019,134.35,44,9,11
170,1/28/2019,232.05,133,10,19
171,1/28/2019,228.15,134,11,20
172,1/28/2019,20.84,135,12,21
173,1/28/2019,74.75,136,13,22
174,1/28/2019,90.65,137,14,23
175,1/28/2019,234.15,138,15,24
176,1/28/2019,157.03,139,16,25
177,1/28/2019,9.96,140,1,1
178,1/28/2019,109.7,141,2,2
179,1/28/2019,32.37,142,3,3
180,1/28/2019,74.75,143,4,4
181,1/28/2019,77.7,144,5,5
182,1/28/2019,169.1,145,6,6
183,1/28/2019,456.95,146,7,7
184,1/28/2019,139.75,147,8,8
185,1/28/2019,311.66,41,9,9
186,1/29/2019,197.3,148,10,10
187,1/29/2019,39.8,149,11,11
188,1/29/2019,114.25,150,12,10
189,1/29/2019,8.85,151,13,11
190,1/29/2019,94.7,152,14,12
191,1/29/2019,51.8,153,15,13
192,1/29/2019,229.25,154,16,14
193,1/29/2019,283.3,155,1,10
194,1/29/2019,142.15,156,2,11
195,1/29/2019,230.45,44,3,12
196,1/29/2019,119.7,13,4,13
197,1/29/2019,169.4,94,5,14
198,1/29/2019,141.5,57,6,10
199,1/29/2019,269.55,71,7,11
200,1/30/2019,132.35,157,8,12
201,1/30/2019,97.62,158,9,13
202,1/30/2019,169.3,159,10,14
203,1/30/2019,74.75,160,11,1
204,1/30/2019,14.94,161,12,2
205,1/30/2019,97.6,162,13,3
206,1/30/2019,139.55,163,14,4
207,1/30/2019,102.24,164,15,5
208,1/30/2019,14.75,165,16,6
209,1/30/2019,51.8,166,1,7
210,1/30/2019,147.26,167,2,8
211,1/30/2019,184.45,168,3,9
212,1/30/2019,127.06,169,4,10
213,1/30/2019,165.55,170,5,11
214,1/30/2019,2.95,171,6,12
215,1/30/2019,174.45,172,7,13
216,1/30/2019,22.41,173,8,14
217,1/30/2019,20.65,174,9,15
218,1/30/2019,266.15,175,10,16
219,1/30/2019,365.05,176,11,17
220,1/30/2019,139.65,177,12,18
221,1/30/2019,154.5,178,13,19
222,1/30/2019,219.35,179,14,20
223,1/30/2019,64.78,180,15,21
224,1/30/2019,270.05,181,16,22
225,1/30/2019,185.1,182,1,23
226,1/30/2019,149.75,183,2,24
227,1/30/2019,2.95,184,3,25
228,1/30/2019,12.95,176,4,1
229,1/30/2019,67.24,140,5,2
230,1/30/2019,60,118,6,3
231,1/30/2019,214.55,121,7,4
232,1/31/2019,311.2,185,8,5
233,1/31/2019,189.5,186,9,6
234,1/31/2019,225.15,187,10,7
235,1/31/2019,274.55,188,11,8
236,1/31/2019,212.55,189,12,9
237,1/31/2019,25.9,190,13,10
238,1/31/2019,107.4,191,14,11
239,1/31/2019,14.95,192,15,12
240,1/31/2019,8.85,193,16,13
241,1/31/2019,78.75,194,1,14
242,1/31/2019,197.55,195,2,15
243,1/31/2019,56.25,196,3,16
244,1/31/2019,383.95,197,4,17
245,1/31/2019,24.71,198,5,18
246,1/31/2019,329.1,199,6,19
247,1/31/2019,29.5,195,7,20
248,2/1/2019,149.7,200,8,21
249,2/1/2019,159.6,201,9,22
250,2/1/2019,391.95,202,10,23
251,2/1/2019,59.9,203,11,24
252,2/1/2019,251.55,204,12,25
253,2/1/2019,287.25,205,13,19
254,2/1/2019,171.95,206,14,20
255,2/1/2019,269.3,207,15,21
256,2/1/2019,191.91,208,16,22
257,2/1/2019,13.37,209,1,23
258,2/1/2019,151.55,210,2,24
259,2/1/2019,19.95,211,3,25
260,2/1/2019,60.78,212,4,1
261,2/1/2019,38.85,213,5,2
262,2/1/2019,147.15,214,6,3
263,2/1/2019,323,215,7,4
264,2/1/2019,125.54,216,8,5
265,2/1/2019,511.05,217,9,6
266,2/1/2019,64.75,41,10,7
267,2/1/2019,79.19,71,11,8
268,2/1/2019,331.35,13,12,9
269,2/1/2019,82.45,121,13,10
270,2/1/2019,20.65,8,14,11
271,2/1/2019,38.35,37,15,19
272,2/2/2019,166.99,218,16,20
273,2/2/2019,44.86,219,1,21
274,2/2/2019,12.95,220,2,22
275,2/2/2019,149.35,221,3,23
276,2/2/2019,26.55,222,4,24
277,2/2/2019,359.4,223,5,25
278,2/2/2019,107.6,224,6,1
279,2/2/2019,43.98,225,7,2
280,2/2/2019,176.15,226,8,3
281,2/2/2019,183.5,227,9,4
282,2/2/2019,89.7,228,10,5
283,2/2/2019,51.8,229,11,6
284,2/2/2019,143.5,230,12,7
285,2/2/2019,505.2,231,13,8
286,2/2/2019,137.4,71,14,9
287,2/2/2019,14.75,140,15,10
288,2/2/2019,23.14,37,16,11
289,2/2/2019,20.19,37,1,10
290,2/3/2019,544.15,232,2,11
291,2/3/2019,477.45,233,3,12
292,2/3/2019,9.96,234,4,13
293,2/3/2019,131.5,235,5,14
294,2/3/2019,162.83,236,6,10
295,2/3/2019,94.67,237,7,11
296,2/3/2019,299.35,238,8,12
297,2/3/2019,153.95,239,9,13
298,2/3/2019,279.5,240,10,14
299,2/3/2019,309.15,241,11,10
300,2/3/2019,23.6,242,12,11
301,2/3/2019,37.16,243,13,12
302,2/3/2019,83.7,244,14,13
303,2/3/2019,39.9,245,15,14
304,2/3/2019,12.95,246,16,1
305,2/3/2019,65.34,247,1,2
306,2/3/2019,29.9,248,2,3
307,2/3/2019,218.06,249,3,4
308,2/3/2019,336.15,250,4,5
309,2/3/2019,284.15,251,5,6
310,2/3/2019,79.6,252,6,7
311,2/3/2019,29.9,253,7,8
312,2/3/2019,59.8,254,8,9
313,2/3/2019,271.1,255,9,10
314,2/3/2019,134.55,256,10,11
315,2/3/2019,108.84,257,11,12
316,2/3/2019,15.4,258,12,13
317,2/3/2019,124.92,259,13,14
318,2/3/2019,38.85,260,14,15
319,2/3/2019,170.4,261,15,16
320,2/3/2019,236.55,262,16,17
321,2/3/2019,80.5,13,1,18
322,2/3/2019,96.65,89,2,19
323,2/3/2019,289.15,74,3,20
324,2/3/2019,274.35,57,4,21
325,2/3/2019,113.3,71,5,22
326,2/3/2019,355.55,247,6,23
327,2/4/2019,69.79,263,7,24
328,2/4/2019,251.55,264,8,25
329,2/4/2019,106.55,265,9,1
330,2/4/2019,12.95,266,10,2
331,2/4/2019,119.8,267,11,3
332,2/4/2019,259.25,41,12,4
333,2/4/2019,62.28,248,13,5
334,2/4/2019,195.3,199,14,6
335,2/5/2019,142.45,268,15,7
336,2/5/2019,170.41,269,16,8
337,2/5/2019,165.2,270,1,9
338,2/5/2019,357.21,271,2,10
339,2/5/2019,423.85,272,3,11
340,2/5/2019,379.25,273,4,12
341,2/5/2019,109.75,274,5,13
342,2/5/2019,207.2,275,6,14
343,2/5/2019,54.25,276,7,15
344,2/5/2019,149.85,10,8,16
345,2/6/2019,134.25,277,9,17
346,2/6/2019,340.25,278,10,18
347,2/6/2019,24.25,279,11,19
348,2/6/2019,59.85,280,12,20
349,2/6/2019,284.25,281,13,21
350,2/6/2019,236.93,282,14,22
351,2/6/2019,74.75,283,15,23
352,2/6/2019,74.75,284,16,24
353,2/6/2019,39.9,285,1,25
354,2/6/2019,12.95,286,2,19
355,2/6/2019,179.55,287,3,20
356,2/6/2019,71.72,288,4,21
357,2/6/2019,145.2,289,5,22
358,2/6/2019,139.6,290,6,23
359,2/6/2019,14.94,291,7,24
360,2/6/2019,402.55,292,8,25
361,2/6/2019,134.55,293,9,1
362,2/6/2019,19.92,294,10,2
363,2/6/2019,87.66,295,11,3
364,2/6/2019,569.1,296,12,4
365,2/6/2019,7.47,297,13,5
366,2/6/2019,127.06,298,14,6
367,2/6/2019,280.31,299,15,7
368,2/6/2019,67.65,300,16,8
369,2/6/2019,77.7,301,1,9
370,2/6/2019,116.55,302,2,10
371,2/6/2019,249.35,303,3,11
372,2/6/2019,104.49,304,4,19
373,2/6/2019,74.8,305,5,20
374,2/6/2019,90.65,306,6,21
375,2/6/2019,14.95,248,7,22
376,2/6/2019,19.92,7,8,23
377,2/6/2019,17.43,84,9,24
378,2/6/2019,113.5,41,10,25
379,2/7/2019,194.35,307,11,1
380,2/7/2019,135.2,308,12,2
381,2/7/2019,249.5,309,13,3
382,2/7/2019,284.4,310,14,4
383,2/7/2019,241.3,311,15,5
384,2/7/2019,17.43,312,16,6
385,2/7/2019,173.4,10,1,7
386,2/7/2019,25.86,269,2,8
387,2/7/2019,64.75,123,3,9
388,2/7/2019,469.15,8,4,10
389,2/7/2019,202.3,57,5,11
390,2/7/2019,237.45,118,6,10
391,2/7/2019,281,204,7,11
392,2/8/2019,107.14,313,8,12
393,2/8/2019,89.7,314,9,13
394,2/8/2019,69.65,315,10,14
395,2/8/2019,102.24,316,11,10
396,2/8/2019,162.45,317,12,11
397,2/8/2019,344.15,318,13,12
398,2/8/2019,224.55,319,14,13
399,2/8/2019,29.9,320,15,14
400,2/8/2019,319.55,321,16,10
401,2/8/2019,467.2,322,1,11
402,2/8/2019,170.4,323,2,12
403,2/8/2019,222.6,324,3,13
404,2/8/2019,429.15,325,4,14
405,2/8/2019,124.58,36,5,1
406,2/8/2019,209.3,269,6,2
407,2/8/2019,147,36,7,3
408,2/8/2019,134.45,188,8,4
409,2/8/2019,265.8,183,9,5
410,2/8/2019,349.65,53,10,6
411,2/8/2019,14.94,229,11,7
412,2/9/2019,44.85,326,12,8
413,2/9/2019,392.05,327,13,9
414,2/9/2019,85.75,328,14,10
415,2/9/2019,40.65,329,15,11
416,2/9/2019,132.6,330,16,12
417,2/9/2019,29.9,331,1,13
418,2/9/2019,59.8,332,2,14
419,2/9/2019,399.5,333,3,15
420,2/9/2019,103.6,334,4,16
421,2/9/2019,149.1,335,5,17
422,2/9/2019,38.7,36,6,18
423,2/9/2019,273.5,252,7,19
424,2/9/2019,9.96,279,8,20
425,2/9/2019,333.85,36,9,21
426,2/9/2019,157.2,290,10,22
427,2/9/2019,559.35,131,11,23
428,2/10/2019,199.8,336,12,24
429,2/10/2019,504.43,337,13,25
430,2/10/2019,318.15,338,14,1
431,2/10/2019,231.35,339,15,2
432,2/10/2019,474.45,340,16,3
433,2/10/2019,225.2,341,1,4
434,2/10/2019,27.45,342,2,5
435,2/10/2019,12.95,343,3,6
436,2/10/2019,259.35,344,4,7
437,2/10/2019,178.5,345,5,8
438,2/10/2019,119.7,346,6,9
439,2/10/2019,361.95,347,7,10
440,2/10/2019,12.45,348,8,11
441,2/10/2019,136.5,349,9,12
442,2/10/2019,242.09,350,10,13
443,2/10/2019,310.25,351,11,14
444,2/10/2019,291.39,352,12,15
445,2/10/2019,26.55,353,13,16
446,2/10/2019,232.45,354,14,17
447,2/10/2019,319.65,355,15,18
448,2/10/2019,51.6,356,16,19
449,2/10/2019,41.3,357,1,20
450,2/10/2019,22.87,358,2,21
451,2/10/2019,29.9,199,3,22
452,2/10/2019,413.05,323,4,23
453,2/10/2019,340.3,131,5,24
454,2/10/2019,82.29,214,6,25
455,2/10/2019,162.87,41,7,19
456,2/10/2019,364.2,73,8,20
457,2/10/2019,99.8,245,9,21
458,2/10/2019,52.85,62,10,22
459,2/11/2019,32.64,359,11,23
460,2/11/2019,405.9,360,12,24
461,2/11/2019,326.8,361,13,25
462,2/11/2019,59.7,362,14,1
463,2/11/2019,89.85,363,15,2
464,2/11/2019,199.6,364,16,3
465,2/11/2019,89.67,365,1,4
466,2/11/2019,194.5,366,2,5
467,2/11/2019,163.45,367,3,6
468,2/11/2019,29.88,368,4,7
469,2/11/2019,223.3,369,5,8
470,2/11/2019,103.6,370,6,9
471,2/11/2019,199.65,371,7,10
472,2/11/2019,149.75,372,8,11
473,2/11/2019,96.8,373,9,19
474,2/11/2019,18.39,65,10,20
475,2/11/2019,349.65,89,11,21
476,2/11/2019,119.6,199,12,22
477,2/11/2019,214.6,245,13,23
478,2/12/2019,59.8,374,14,24
479,2/12/2019,211.2,375,15,25
480,2/12/2019,12.91,376,16,1
481,2/12/2019,124.25,377,1,2
482,2/12/2019,186.35,378,2,3
483,2/12/2019,69.65,379,3,4
484,2/12/2019,130.65,380,4,5
485,2/12/2019,51.8,381,5,6
486,2/12/2019,64.75,382,6,7
487,2/12/2019,274.25,383,7,8
488,2/12/2019,44.85,384,8,9
489,2/12/2019,201.5,385,9,10
490,2/12/2019,97.16,386,10,11
491,2/12/2019,132.65,387,11,10
492,2/12/2019,74.75,388,12,11
493,2/12/2019,192.2,309,13,12
494,2/12/2019,234.3,104,14,13
495,2/12/2019,367.35,17,15,14
496,2/13/2019,360.3,389,16,10
497,2/13/2019,130.15,390,1,11
498,2/13/2019,5.9,391,2,12
499,2/13/2019,14.94,392,3,13
500,2/13/2019,20.65,393,4,14
501,2/13/2019,312.65,394,5,10
502,2/13/2019,72.45,395,6,11
503,2/13/2019,17.7,396,7,12
504,2/13/2019,51.8,397,8,13
505,2/13/2019,379.1,398,9,14
506,2/13/2019,79.8,399,10,6
507,2/13/2019,31.8,183,11,7
508,2/14/2019,38.85,400,12,8
509,2/14/2019,90.65,401,13,9
510,2/14/2019,89.7,402,14,10
511,2/14/2019,194.63,403,15,11
512,2/14/2019,51.8,404,16,19
513,2/14/2019,24.95,405,1,20
514,2/14/2019,113.4,406,2,21
515,2/14/2019,245.2,407,3,22
516,2/14/2019,639.1,408,4,23
517,2/14/2019,5.9,409,5,24
518,2/14/2019,134.55,410,6,25
519,2/14/2019,69.65,287,7,1
520,2/14/2019,29.95,121,8,2
521,2/14/2019,289.5,62,9,3
522,2/14/2019,8.85,71,10,4
523,2/14/2019,235.2,129,11,6
524,2/14/2019,134.55,388,12,7
525,2/14/2019,178.97,195,13,8
526,2/15/2019,64.75,411,14,9
527,2/15/2019,165,412,15,10
528,2/15/2019,142.45,413,16,11
529,2/15/2019,399.2,414,1,19
530,2/15/2019,249.7,415,2,20
531,2/15/2019,91.7,416,3,21
532,2/15/2019,99.9,417,4,22
533,2/15/2019,93.25,418,5,23
534,2/15/2019,17.7,419,6,24
535,2/15/2019,613.9,420,7,25
536,2/15/2019,111.8,421,8,1
537,2/15/2019,132.58,422,9,2
538,2/15/2019,137.5,423,10,3
539,2/15/2019,249.3,424,11,4
540,2/15/2019,202.01,425,12,6
541,2/15/2019,453.9,426,13,7
542,2/15/2019,148.6,427,14,8
543,2/15/2019,157.3,428,15,9
544,2/15/2019,159.6,429,16,10
545,2/15/2019,119.7,430,1,11
546,2/15/2019,349.65,431,2,19
547,2/15/2019,294.25,432,3,20
548,2/15/2019,160.4,433,4,21
549,2/15/2019,217.85,434,5,22
550,2/15/2019,129.5,435,6,23
551,2/15/2019,122.55,436,7,24
552,2/15/2019,263.25,437,8,25
553,2/15/2019,48.4,438,9,1
554,2/15/2019,79.8,439,10,2
555,2/15/2019,185.4,440,11,3
556,2/15/2019,149.5,441,12,4
557,2/15/2019,119.8,199,13,6
558,2/15/2019,23.8,315,14,7
559,2/15/2019,19.98,414,15,8
560,2/15/2019,2.49,241,16,9
561,2/15/2019,174.65,121,1,10
562,2/15/2019,292.1,252,2,11
563,2/15/2019,11.8,53,3,19
564,2/15/2019,223.6,123,4,20
565,2/16/2019,304.3,442,5,21
566,2/16/2019,149.85,443,6,22
567,2/16/2019,19.92,444,7,23
568,2/16/2019,145.6,445,8,24
569,2/16/2019,239.4,446,9,25
570,2/16/2019,269.55,447,10,1
571,2/16/2019,309.55,448,11,2
572,2/16/2019,50.15,449,12,3
573,2/16/2019,211.7,450,13,4
574,2/16/2019,64.75,451,14,6
575,2/16/2019,244.45,452,15,7
576,2/16/2019,119.7,453,16,8
577,2/16/2019,547.9,454,1,9
578,2/16/2019,164.5,455,2,10
579,2/16/2019,99.81,456,3,11
580,2/16/2019,29.04,457,4,19
581,2/16/2019,181.3,458,5,20
582,2/16/2019,37.62,459,6,21
583,2/16/2019,355.15,460,7,22
584,2/16/2019,22.9,461,8,23
585,2/16/2019,14.75,462,9,24
586,2/16/2019,179.55,463,10,25
587,2/16/2019,67.5,183,11,1
588,2/16/2019,230.3,190,12,2
589,2/16/2019,306.1,74,13,3
590,2/16/2019,214.45,104,14,4
591,2/17/2019,32.42,464,15,6
592,2/17/2019,74.75,465,16,7
593,2/17/2019,78.4,466,1,8
594,2/17/2019,549.05,467,2,9
595,2/17/2019,104.65,468,3,10
596,2/17/2019,69.85,469,4,11
597,2/17/2019,97.26,470,5,19
598,2/17/2019,103.6,471,6,20
599,2/17/2019,249.75,472,7,21
600,2/17/2019,51.8,473,8,22
601,2/17/2019,226.17,474,9,23
602,2/17/2019,355.55,475,10,24
603,2/17/2019,204.55,476,11,25
604,2/17/2019,103.6,477,12,1
605,2/17/2019,249.3,478,13,2
606,2/17/2019,25.9,479,14,3
607,2/17/2019,39.8,480,15,4
608,2/17/2019,127.5,481,16,1
609,2/17/2019,197.25,482,1,2
610,2/17/2019,492.05,483,2,3
611,2/17/2019,189.96,484,3,4
612,2/17/2019,214.35,485,4,5
613,2/17/2019,12.45,486,5,6
614,2/17/2019,79.6,487,6,7
615,2/17/2019,111.6,309,7,8
616,2/17/2019,198.4,334,8,9
617,2/17/2019,58.8,323,9,10
618,2/17/2019,195.65,269,10,11
619,2/17/2019,269.55,368,11,12
620,2/17/2019,269.55,140,12,13
621,2/17/2019,159.6,13,13,14
622,2/17/2019,236.93,94,14,15
623,2/18/2019,12.95,488,15,16
624,2/18/2019,192.08,489,16,17
625,2/18/2019,53.6,490,1,18
626,2/18/2019,73.7,491,2,19
627,2/18/2019,149.4,492,3,20
628,2/18/2019,45,493,4,21
629,2/18/2019,170.6,494,5,22
630,2/18/2019,119.7,495,6,23
631,2/18/2019,183.3,496,7,24
632,2/18/2019,29.9,497,8,25
633,2/18/2019,19.95,498,9,1
634,2/18/2019,471.96,499,10,2
635,2/18/2019,93,500,11,3
636,2/18/2019,326.85,501,12,4
637,2/18/2019,139.65,502,13,5
638,2/18/2019,167.7,503,14,6
639,2/18/2019,327.45,504,15,7
640,2/18/2019,86.5,505,16,8
641,2/18/2019,114.75,506,1,9
642,2/18/2019,227,507,2,10
643,2/18/2019,66.74,508,3,11
644,2/18/2019,55.9,509,4,12
645,2/18/2019,14.75,510,5,13
646,2/18/2019,197.25,511,6,14
647,2/18/2019,128.55,512,7,15
648,2/18/2019,315.35,513,8,16
649,2/18/2019,130.65,514,9,17
650,2/18/2019,136.45,515,10,18
651,2/18/2019,324.95,516,11,19
652,2/18/2019,259.95,517,12,20
653,2/18/2019,358.15,518,13,21
654,2/18/2019,479.5,519,14,22
655,2/18/2019,69.73,520,15,23
656,2/18/2019,67.37,521,16,24
657,2/18/2019,299.7,522,1,25
658,2/18/2019,476.1,523,2,19
659,2/18/2019,183.32,524,3,20
660,2/18/2019,176.4,508,4,21
661,2/18/2019,125.6,400,5,22
662,2/18/2019,189.35,287,6,23
663,2/18/2019,14.94,118,7,24
664,2/18/2019,207.2,53,8,25
665,2/19/2019,17.7,525,9,1
666,2/19/2019,89.7,526,10,2
667,2/19/2019,112.26,527,11,3
668,2/19/2019,67.75,528,12,4
669,2/19/2019,239.6,529,13,5
670,2/19/2019,179.39,530,14,6
671,2/19/2019,187.63,531,15,7
672,2/19/2019,165.5,532,16,8
673,2/19/2019,189.7,533,1,9
674,2/19/2019,133.31,534,2,10
675,2/19/2019,146.35,535,3,11
676,2/19/2019,299.5,33,4,19
677,2/19/2019,250.2,36,5,20
678,2/20/2019,79.8,536,6,21
679,2/20/2019,27.89,537,7,22
680,2/20/2019,195.65,538,8,23
681,2/20/2019,233.1,539,9,24
682,2/20/2019,203.4,540,10,25
683,2/20/2019,169.62,541,11,1
684,2/20/2019,59.6,542,12,2
685,2/20/2019,357.2,543,13,3
686,2/20/2019,344.18,544,14,4
687,2/20/2019,299.7,545,15,5
688,2/20/2019,30.65,546,16,6
689,2/20/2019,29.95,547,1,7
690,2/20/2019,149.7,548,2,8
691,2/20/2019,187.5,549,3,9
692,2/20/2019,123.35,550,4,10
693,2/20/2019,259.52,551,5,11
694,2/20/2019,352.09,552,6,10
695,2/20/2019,129.65,553,7,11
696,2/20/2019,139.7,554,8,12
697,2/20/2019,5.9,555,9,13
698,2/20/2019,102.15,556,10,14
699,2/20/2019,230.15,557,11,10
700,2/20/2019,12.95,558,12,11
701,2/20/2019,269.35,559,13,12
702,2/20/2019,12.95,560,14,13
703,2/20/2019,11.8,561,15,14
704,2/20/2019,360.96,562,16,10
705,2/20/2019,297.35,563,1,11
706,2/20/2019,25.9,564,2,12
707,2/20/2019,394.2,565,3,13
708,2/20/2019,74.75,204,4,14
709,2/20/2019,80.65,183,5,1
710,2/21/2019,297.2,566,6,2
711,2/21/2019,260.4,567,7,3
712,2/21/2019,708.9,568,8,4
713,2/21/2019,259.28,569,9,5
714,2/21/2019,2.49,570,10,6
715,2/21/2019,25.9,571,11,7
716,2/21/2019,461.35,572,12,8
717,2/21/2019,101.3,573,13,9
718,2/21/2019,157.5,574,14,10
719,2/21/2019,382.05,575,15,11
720,2/21/2019,50.55,576,16,12
721,2/21/2019,162.55,577,1,13
722,2/21/2019,72.22,578,2,14
723,2/21/2019,389.85,579,3,15
724,2/21/2019,492.1,580,4,16
725,2/21/2019,229.54,581,5,17
726,2/21/2019,514.3,582,6,18
727,2/21/2019,219.42,583,7,19
728,2/21/2019,449.55,584,8,20
729,2/21/2019,11.8,585,9,21
730,2/21/2019,113.7,586,10,22
731,2/21/2019,206.55,587,11,23
732,2/21/2019,59.91,588,12,24
733,2/21/2019,184.45,589,13,25
734,2/21/2019,89.7,590,14,1
735,2/21/2019,172.9,591,15,2
736,2/21/2019,224.15,592,16,3
737,2/21/2019,569.1,593,1,4
738,2/21/2019,14.75,594,2,5
739,2/21/2019,19.95,595,3,6
740,2/21/2019,179.55,596,4,7
741,2/21/2019,2.95,597,5,8
742,2/21/2019,81.65,598,6,9
743,2/21/2019,150.35,599,7,10
744,2/21/2019,204.15,600,8,11
745,2/21/2019,9.96,601,9,12
746,2/21/2019,79.6,602,10,13
747,2/21/2019,455.75,603,11,14
748,2/21/2019,594.18,17,12,15
749,2/21/2019,54.84,129,13,16
750,2/21/2019,74.75,17,14,17
751,2/21/2019,62.4,214,15,18
752,2/22/2019,373.15,604,16,19
753,2/22/2019,22.41,605,1,20
754,2/22/2019,116.55,606,2,21
755,2/22/2019,24.95,607,3,22
756,2/22/2019,146.45,608,4,23
757,2/22/2019,90.65,609,5,24
758,2/22/2019,199.6,610,6,25
759,2/22/2019,147.12,611,7,19
760,2/22/2019,139.65,612,8,20
761,2/22/2019,17.43,613,9,21
762,2/22/2019,399.4,614,10,22
763,2/22/2019,208.25,615,11,23
764,2/22/2019,19.9,616,12,24
765,2/22/2019,139.65,617,13,25
766,2/22/2019,87.6,618,14,1
767,2/22/2019,90.65,619,15,2
768,2/22/2019,699.3,8,16,3
769,2/22/2019,169.55,368,1,4
770,2/22/2019,14.94,97,2,5
771,2/23/2019,216.3,620,3,6
772,2/23/2019,384,621,4,7
773,2/23/2019,116.55,622,5,8
774,2/23/2019,305.15,623,6,9
775,2/23/2019,344.05,624,7,10
776,2/23/2019,57.37,625,8,11
777,2/23/2019,74.75,626,9,19
778,2/23/2019,29.89,627,10,20
779,2/23/2019,199.8,628,11,21
780,2/23/2019,125.7,629,12,22
781,2/23/2019,94.55,630,13,23
782,2/23/2019,139.43,586,14,24
783,2/23/2019,514.1,62,15,25
784,2/23/2019,548.95,24,16,1
785,2/23/2019,360.2,89,1,2
786,2/23/2019,19.92,579,2,3
787,2/23/2019,183.35,37,3,4
788,2/24/2019,23.6,631,4,5
789,2/24/2019,90.65,632,5,6
790,2/24/2019,52.54,633,6,7
791,2/24/2019,249.75,634,7,8
792,2/24/2019,85.7,635,8,9
793,2/24/2019,65.4,636,9,10
794,2/24/2019,313.3,637,10,11
795,2/24/2019,144.7,638,11,10
796,2/24/2019,29.85,639,12,11
797,2/24/2019,116.13,640,13,12
798,2/24/2019,162.8,641,14,13
799,2/24/2019,118.04,642,15,14
800,2/24/2019,77.7,643,16,10
801,2/24/2019,140.5,644,1,11
802,2/24/2019,63.5,645,2,12
803,2/24/2019,69.65,314,3,13
804,2/25/2019,36.55,646,4,14
805,2/25/2019,551.25,647,5,10
806,2/25/2019,59.8,648,6,11
807,2/25/2019,299.5,649,7,12
808,2/25/2019,79.8,650,8,13
809,2/25/2019,84.78,651,9,14
810,2/25/2019,60.45,652,10,1
811,2/25/2019,202.28,653,11,2
812,2/25/2019,25.9,654,12,3
813,2/25/2019,184.45,655,13,4
814,2/25/2019,72.3,656,14,5
815,2/25/2019,128.55,657,15,6
816,2/25/2019,22.41,658,16,7
817,2/25/2019,112.15,659,1,8
818,2/25/2019,122.35,660,2,9
819,2/25/2019,92.25,661,3,10
820,2/25/2019,265.66,65,4,11
821,2/26/2019,99.75,662,5,12
822,2/26/2019,75.17,663,6,13
823,2/26/2019,55.75,664,7,14
824,2/26/2019,129.5,665,8,15
825,2/26/2019,469.3,666,9,16
826,2/26/2019,249.5,667,10,17
827,2/26/2019,164.6,668,11,18
828,2/26/2019,29.9,669,12,19
829,2/26/2019,51.8,670,13,20
830,2/26/2019,247.45,671,14,21
831,2/26/2019,134.55,672,15,22
832,2/26/2019,267.21,673,16,23
833,2/26/2019,579.05,674,1,24
834,2/26/2019,209.65,675,2,25
835,2/26/2019,49.9,676,3,1
836,2/26/2019,145.35,677,4,2
837,2/26/2019,180.5,678,5,3
838,2/26/2019,79.8,679,6,4
839,2/26/2019,119.7,680,7,5
840,2/26/2019,22.41,681,8,6
841,2/26/2019,349.45,682,9,7
842,2/26/2019,282.81,683,10,8
843,2/26/2019,304.45,684,11,9
844,2/26/2019,438.95,685,12,10
845,2/26/2019,24.89,140,13,11
846,2/27/2019,159.6,686,14,12
847,2/27/2019,58.8,687,15,13
848,2/27/2019,38.85,688,16,14
849,2/27/2019,99.75,689,1,15
850,2/27/2019,38.85,690,2,16
851,2/27/2019,139.75,691,3,17
852,2/27/2019,212.58,692,4,18
853,2/27/2019,662.95,693,5,19
854,2/27/2019,39.9,694,6,20
855,2/27/2019,124.75,695,7,21
856,2/27/2019,486.8,696,8,22
857,2/27/2019,116.55,697,9,23
858,2/27/2019,216.3,698,10,24
859,2/27/2019,151.3,699,11,25
860,2/27/2019,449.55,334,12,19
861,2/27/2019,406.05,188,13,20
862,2/27/2019,182.25,379,14,21
863,2/27/2019,358.25,399,15,22
864,2/27/2019,194.35,214,16,23
865,2/27/2019,274.35,600,1,24
866,2/27/2019,12.95,74,2,25
867,2/27/2019,51.8,368,3,1
868,2/28/2019,107.25,700,4,2
869,2/28/2019,559.05,701,5,3
870,2/28/2019,637.3,702,6,4
871,2/28/2019,109.75,703,7,5
872,2/28/2019,444,704,8,6
873,2/28/2019,76.55,705,9,7
874,2/28/2019,325.25,706,10,8
875,2/28/2019,185.5,707,11,9
876,2/28/2019,542.4,708,12,10
877,2/28/2019,275.45,709,13,11
878,2/28/2019,562.95,710,14,19
879,2/28/2019,179.5,711,15,20
880,2/28/2019,74.75,712,16,21
881,2/28/2019,14.95,713,1,22
882,2/28/2019,143.7,714,2,23
883,2/28/2019,358,715,3,24
884,2/28/2019,27.7,716,4,25
885,2/28/2019,349.75,717,5,1
886,2/28/2019,223.6,718,6,2
887,2/28/2019,17.7,719,7,3
888,2/28/2019,2.49,720,8,4
889,2/28/2019,119.6,721,9,5
890,2/28/2019,90.65,368,10,6
891,2/28/2019,237.15,228,11,7
892,2/28/2019,206.4,614,12,8
893,2/28/2019,599.5,379,13,9
894,2/28/2019,213.5,147,14,10
895,2/28/2019,379.15,74,15,11
896,2/28/2019,177.45,542,16,10
897,2/28/2019,12.95,36,1,11
898,2/28/2019,223.3,154,2,12
899,3/1/2019,64.75,722,3,13
900,3/1/2019,155.4,723,4,14
901,3/1/2019,319.2,724,5,10
902,3/1/2019,77.7,725,6,11
903,3/1/2019,299.35,726,7,12
904,3/1/2019,319.2,727,8,13
905,3/1/2019,99.75,728,9,14
906,3/1/2019,355.55,729,10,10
907,3/1/2019,371.3,730,11,11
908,3/1/2019,99.75,731,12,12
909,3/1/2019,104.55,732,13,13
910,3/1/2019,164.45,733,14,14
911,3/1/2019,179.55,734,15,1
912,3/1/2019,459.4,735,16,2
913,3/1/2019,44.55,736,1,3
914,3/1/2019,274,737,2,4
915,3/1/2019,72.8,738,3,5
916,3/1/2019,271.5,739,4,6
917,3/1/2019,155.4,740,5,7
918,3/1/2019,100,741,6,8
919,3/1/2019,89.55,742,7,9
920,3/1/2019,103.6,743,8,10
921,3/1/2019,12.95,744,9,11
922,3/1/2019,59.85,745,10,12
923,3/1/2019,131.8,746,11,13
924,3/1/2019,139.65,747,12,14
925,3/1/2019,380.3,748,13,15
926,3/1/2019,17.7,749,14,16
927,3/1/2019,62.55,750,15,17
928,3/1/2019,244.3,751,16,18
929,3/1/2019,189.35,752,1,19
930,3/1/2019,668.95,753,2,20
931,3/1/2019,548.85,754,3,21
932,3/1/2019,51.8,755,4,22
933,3/1/2019,246.05,756,5,23
934,3/1/2019,19.8,757,6,24
935,3/1/2019,116.55,758,7,25
936,3/1/2019,169.55,759,8,1
937,3/1/2019,232.4,760,9,2
938,3/1/2019,232.2,102,10,3
939,3/1/2019,405.4,753,11,4
940,3/1/2019,27.95,33,12,5
941,3/2/2019,364,761,13,6
942,3/2/2019,317.4,762,14,7
943,3/2/2019,104.65,763,15,8
944,3/2/2019,188.5,764,16,9
945,3/2/2019,240.4,765,1,10
946,3/2/2019,239.4,766,2,11
947,3/2/2019,239.5,767,3,12
948,3/2/2019,81.8,768,4,13
949,3/2/2019,49.95,769,5,14
950,3/2/2019,39.9,770,6,15
951,3/2/2019,224.6,771,7,16
952,3/2/2019,154.85,772,8,17
953,3/2/2019,354.1,773,9,18
954,3/2/2019,569.25,774,10,19
955,3/2/2019,139.65,775,11,20
956,3/2/2019,350.05,776,12,21
957,3/2/2019,11.8,777,13,22
958,3/2/2019,214.5,778,14,23
959,3/2/2019,499.1,779,15,24
960,3/2/2019,59.85,780,16,25
961,3/2/2019,5.9,781,1,19
962,3/2/2019,111.8,782,2,20
963,3/2/2019,179.55,783,3,21
964,3/2/2019,323.45,784,4,22
965,3/2/2019,179.55,785,5,23
966,3/2/2019,271.95,786,6,24
967,3/2/2019,173.5,787,7,25
968,3/2/2019,290.15,788,8,1
969,3/2/2019,24.95,789,9,2
970,3/2/2019,300.3,249,10,3
971,3/2/2019,29.9,508,11,4
972,3/2/2019,139.65,575,12,5
973,3/2/2019,659.5,123,13,6
974,3/2/2019,119.7,123,14,7
975,3/2/2019,155.4,399,15,8
976,3/2/2019,188.5,388,16,9
977,3/3/2019,94.65,790,1,10
978,3/3/2019,139.7,791,2,11
979,3/3/2019,569.25,792,3,19
980,3/3/2019,64.75,793,4,20
981,3/3/2019,529.35,794,5,21
982,3/3/2019,196.4,795,6,22
983,3/3/2019,51.8,796,7,23
984,3/3/2019,116.55,797,8,24
985,3/3/2019,204.4,798,9,25
986,3/3/2019,38.85,799,10,1
987,3/3/2019,44.85,800,11,2
988,3/3/2019,174.35,801,12,3
989,3/3/2019,359.6,802,13,4
990,3/3/2019,184.65,803,14,5
991,3/3/2019,90.65,804,15,6
992,3/3/2019,122.7,805,16,7
993,3/3/2019,240.4,806,1,8
994,3/3/2019,69.7,807,2,9
995,3/3/2019,34.75,808,3,10
996,3/3/2019,192.45,809,4,11
997,3/3/2019,169.15,810,5,10
998,3/3/2019,221.55,811,6,11
999,3/3/2019,383.95,812,7,12
1000,3/3/2019,199.5,813,8,13
1001,3/3/2019,209.65,814,9,14
1002,3/3/2019,559.3,815,10,10
1003,3/3/2019,120.55,816,11,11
1004,3/3/2019,8.85,817,12,12
1005,3/3/2019,103.6,818,13,13
1006,3/3/2019,116.55,819,14,14
1007,3/3/2019,693.85,820,15,10
1008,3/3/2019,64.8,821,16,11
1009,3/3/2019,197.4,822,1,12
1010,3/3/2019,326.15,823,2,13
1011,3/3/2019,135.65,824,3,14
1012,3/3/2019,89.85,825,4,1
1013,3/3/2019,1464.3,826,5,2
1014,3/3/2019,64.75,827,6,3
1015,3/3/2019,154.6,828,7,4
1016,3/3/2019,39.9,829,8,5
1017,3/3/2019,53.7,830,9,6
1018,3/3/2019,161.55,831,10,7
1019,3/3/2019,140.35,832,11,8
1020,3/3/2019,103.6,833,12,9
1021,3/3/2019,53.7,834,13,10
1022,3/3/2019,179.45,835,14,11
1023,3/3/2019,139.65,836,15,12
1024,3/3/2019,51.8,837,16,13
1025,3/3/2019,199.3,838,1,14
1026,3/3/2019,259.5,118,2,15
1027,3/3/2019,116.55,183,3,16
1028,3/4/2019,12.95,839,4,17
1029,3/4/2019,287.35,840,5,18
1030,3/4/2019,192.35,841,6,19
1031,3/4/2019,199.6,842,7,20
1032,3/4/2019,12.95,843,8,21
1033,3/4/2019,119.6,844,9,22
1034,3/4/2019,145.5,845,10,23
1035,3/4/2019,211.3,846,11,24
1036,3/4/2019,25.9,847,12,25
1037,3/4/2019,579.55,848,13,1
1038,3/4/2019,179.55,849,14,2
1039,3/4/2019,701.15,850,15,3
1040,3/4/2019,181.45,851,16,4
1041,3/4/2019,469.45,852,1,5
1042,3/4/2019,58.8,853,2,6
1043,3/4/2019,662.45,854,3,7
1044,3/4/2019,11.8,855,4,8
1045,3/4/2019,259.4,856,5,9
1046,3/4/2019,2.49,857,6,10
1047,3/4/2019,179.55,858,7,11
1048,3/4/2019,75.4,859,8,12
1049,3/4/2019,162.45,860,9,13
1050,3/4/2019,396.9,861,10,14
1051,3/4/2019,355.15,862,11,15
1052,3/4/2019,223.2,863,12,16
1053,3/4/2019,164.75,864,13,17
1054,3/4/2019,139.6,865,14,18
1055,3/4/2019,218.25,866,15,19
1056,3/4/2019,414.25,867,16,20
1057,3/4/2019,209.6,868,1,21
1058,3/4/2019,287.35,869,2,22
1059,3/4/2019,171.1,870,3,23
1060,3/4/2019,119.7,871,4,24
1061,3/4/2019,139.65,872,5,25
1062,3/4/2019,329.4,873,6,19
1063,3/4/2019,103.6,874,7,20
1064,3/4/2019,218.15,875,8,21
1065,3/4/2019,174.55,876,9,22
1066,3/4/2019,249.2,877,10,23
1067,3/4/2019,403.15,878,11,24
1068,3/4/2019,210.35,879,12,25
1069,3/4/2019,189.55,880,13,1
1070,3/4/2019,337.75,881,14,2
1071,3/4/2019,99.75,882,15,3
1072,3/4/2019,254.35,883,16,4
1073,3/4/2019,250.25,884,1,5
1074,3/4/2019,149.45,885,2,6
1075,3/4/2019,77.7,886,3,7
1076,3/4/2019,262.7,199,4,8
1077,3/4/2019,322.95,784,5,9
1078,3/4/2019,64.75,204,6,10
1079,3/4/2019,264.25,454,7,11
1080,3/5/2019,192.2,887,8,19
1081,3/5/2019,129.5,888,9,20
1082,3/5/2019,274.1,889,10,21
1083,3/5/2019,223.6,890,11,22
1084,3/5/2019,313.15,891,12,23
1085,3/5/2019,169.35,892,13,24
1086,3/5/2019,112.7,893,14,25
1087,3/5/2019,251.1,894,15,1
1088,3/5/2019,221.2,895,16,2
1089,3/5/2019,210.35,896,1,3
1090,3/5/2019,449.55,897,2,4
1091,3/5/2019,148.5,898,3,5
1092,3/5/2019,14.75,899,4,6
1093,3/5/2019,244.3,900,5,7
1094,3/5/2019,134.55,861,6,8
1095,3/5/2019,116.55,73,7,9
1096,3/5/2019,159.6,763,8,10
1097,3/5/2019,231.5,44,9,11
1098,3/6/2019,541.2,901,10,10
1099,3/6/2019,128.55,902,11,11
1100,3/6/2019,105.65,903,12,12
1101,3/6/2019,93.81,904,13,13
1102,3/6/2019,12.95,905,14,14
1103,3/6/2019,79.8,906,15,10
1104,3/6/2019,175.6,907,16,11
1105,3/6/2019,189.5,908,1,12
1106,3/6/2019,349.65,909,2,13
1107,3/6/2019,434.3,910,3,14
1108,3/6/2019,49.75,911,4,10
1109,3/6/2019,39.9,912,5,11
1110,3/6/2019,250,913,6,12
1111,3/6/2019,49.9,914,7,13
1112,3/6/2019,152.55,915,8,14
1113,3/6/2019,122.17,916,9,6
1114,3/6/2019,129.5,917,10,7
1115,3/6/2019,219.45,918,11,8
1116,3/6/2019,181.3,919,12,9
1117,3/6/2019,79.8,920,13,10
1118,3/6/2019,320.4,921,14,11
1119,3/6/2019,119.8,922,15,19
1120,3/6/2019,523,923,16,20
1121,3/6/2019,337.2,924,1,21
1122,3/6/2019,414.4,241,2,22
1123,3/6/2019,89.7,279,3,23
1124,3/7/2019,125.55,925,4,24
1125,3/7/2019,207.2,926,5,25
1126,3/7/2019,200.4,927,6,1
1127,3/7/2019,217.35,928,7,2
1128,3/7/2019,339.45,929,8,3
1129,3/7/2019,225.55,930,9,4
1130,3/7/2019,19.95,931,10,6
1131,3/7/2019,451.3,932,11,7
1132,3/7/2019,119.7,933,12,8
1133,3/7/2019,276.15,934,13,9
1134,3/7/2019,77.7,935,14,10
1135,3/7/2019,79.6,936,15,11
1136,3/7/2019,149.35,937,16,19
1137,3/7/2019,156.45,938,1,20
1138,3/7/2019,109.55,939,2,21
1139,3/7/2019,209.65,940,3,22
1140,3/7/2019,147.65,941,4,23
1141,3/7/2019,59.85,942,5,24
1142,3/7/2019,89.55,943,6,25
1143,3/7/2019,343.3,944,7,1
1144,3/7/2019,89.7,945,8,2
1145,3/7/2019,59.9,946,9,3
1146,3/7/2019,205.45,947,10,4
1147,3/7/2019,113.5,948,11,6
1148,3/7/2019,259.3,949,12,7
1149,3/7/2019,236.25,950,13,8
1150,3/7/2019,195.3,951,14,9
1151,3/7/2019,17.7,952,15,10
1152,3/7/2019,139.65,953,16,11
1153,3/7/2019,39.9,954,1,19
1154,3/7/2019,38.85,955,2,20
1155,3/7/2019,167.7,956,3,21
1156,3/7/2019,132.55,957,4,22
1157,3/7/2019,137.5,958,5,23
1158,3/7/2019,209.65,959,6,24
1159,3/7/2019,25.9,960,7,25
1160,3/7/2019,245.25,961,8,1
1161,3/7/2019,405.1,962,9,2
1162,3/7/2019,89.7,963,10,3
1163,3/7/2019,151.55,964,11,4
1164,3/7/2019,179.55,24,12,6
1165,3/7/2019,174.5,89,13,7
1166,3/7/2019,159.6,388,14,8
1167,3/8/2019,25.9,965,15,9
1168,3/8/2019,88.35,966,16,10
1169,3/8/2019,20.65,967,1,11
1170,3/8/2019,193.35,968,2,19
1171,3/8/2019,22.5,969,3,20
1172,3/8/2019,344,970,4,21
1173,3/8/2019,250,971,5,22
1174,3/8/2019,80.45,972,6,23
1175,3/8/2019,257.25,973,7,24
1176,3/8/2019,84.7,974,8,25
1177,3/8/2019,74.75,975,9,1
1178,3/8/2019,149.75,976,10,2
1179,3/8/2019,184.5,977,11,3
1180,3/8/2019,5.9,978,12,4
1181,3/8/2019,279.7,979,13,6
1182,3/8/2019,479.4,980,14,7
1183,3/8/2019,251.1,981,15,8
1184,3/8/2019,49.9,982,16,9
1185,3/8/2019,197.7,983,1,10
1186,3/8/2019,161.55,984,2,11
1187,3/8/2019,59.85,985,3,19
1188,3/8/2019,204.45,986,4,20
1189,3/8/2019,23.6,987,5,21
1190,3/8/2019,195.3,988,6,22
1191,3/8/2019,25.9,989,7,23
1192,3/8/2019,256.9,990,8,24
1193,3/8/2019,174.65,991,9,25
1194,3/8/2019,429,992,10,1
1195,3/8/2019,197.5,993,11,2
1196,3/8/2019,143.5,994,12,3
1197,3/8/2019,179.7,995,13,4
1198,3/8/2019,59.9,996,14,6
1199,3/8/2019,125.65,997,15,7
1200,3/8/2019,419.4,998,16,8
1201,3/8/2019,499,999,1,9
1202,3/8/2019,224.25,1000,2,10
1203,3/8/2019,204.45,1001,3,11
1204,3/8/2019,460,1002,4,19
1205,3/8/2019,349.65,1003,5,20
1206,3/8/2019,201.5,1004,6,21
1207,3/8/2019,260.34,1005,7,22
1208,3/8/2019,51.8,1006,8,23
1209,3/8/2019,25.85,1007,9,24
1210,3/8/2019,139.3,1008,10,25
1211,3/8/2019,89.85,1009,11,1
1212,3/8/2019,194.55,13,12,2
1213,3/8/2019,158.25,17,13,3
1214,3/8/2019,147.5,199,14,4
1215,3/8/2019,84.65,229,15,1
1216,3/8/2019,124.75,252,16,2
1217,3/8/2019,347.55,794,1,3
1218,3/8/2019,319.2,73,2,4
1219,3/8/2019,24.95,399,3,5
1220,3/9/2019,134.55,1010,4,6
1221,3/9/2019,254.25,1011,5,7
1222,3/9/2019,196.35,1012,6,8
1223,3/9/2019,135.6,1013,7,9
1224,3/9/2019,74.75,1014,8,10
1225,3/9/2019,25.9,1015,9,11
1226,3/9/2019,20.65,1016,10,12
1227,3/9/2019,257.3,1017,11,13
1228,3/9/2019,11.8,1018,12,14
1229,3/9/2019,224.35,1019,13,15
1230,3/9/2019,14.75,1020,14,16
1231,3/9/2019,259.35,1021,15,17
1232,3/9/2019,149.85,1022,16,18
1233,3/9/2019,14.95,1023,1,19
1234,3/9/2019,244.45,1024,2,20
1235,3/9/2019,69.65,1025,3,21
1236,3/9/2019,42.9,1026,4,22
1237,3/9/2019,179.55,1027,5,23
1238,3/9/2019,92.45,1028,6,24
1239,3/9/2019,38.85,1029,7,25
1240,3/9/2019,330.25,1030,8,1
1241,3/9/2019,222.2,1031,9,2
1242,3/9/2019,319.5,1032,10,3
1243,3/9/2019,674.15,1033,11,4
1244,3/9/2019,24.95,1030,12,5
1245,3/9/2019,304.35,454,13,6
1246,3/9/2019,99.75,147,14,7
1247,3/9/2019,151.65,94,15,8
1248,3/9/2019,26.55,287,16,9
1249,3/9/2019,183.4,340,1,10
1250,3/9/2019,178.35,776,2,11
1251,3/9/2019,104.65,896,3,12
1252,3/9/2019,277.4,248,4,13
1253,3/9/2019,204.55,204,5,14
1254,3/10/2019,249.75,1034,6,15
1255,3/10/2019,109.75,1035,7,16
1256,3/10/2019,51.8,1036,8,17
1257,3/10/2019,66.65,1037,9,18
1258,3/10/2019,122.65,1038,10,19
1259,3/10/2019,239.6,1039,11,20
1260,3/10/2019,139.65,1040,12,21
1261,3/10/2019,130.55,1041,13,22
1262,3/10/2019,496.2,1042,14,23
1263,3/10/2019,25.9,1043,15,24
1264,3/10/2019,191.5,1044,16,25
1265,3/10/2019,188.4,1045,1,19
1266,3/10/2019,39.9,1046,2,20
1267,3/10/2019,155.4,1047,3,21
1268,3/10/2019,579.8,1048,4,22
1269,3/10/2019,314.9,1049,5,23
1270,3/10/2019,79.8,1050,6,24
1271,3/10/2019,174.65,1051,7,25
1272,3/10/2019,184.45,1052,8,1
1273,3/10/2019,339.15,1053,9,2
1274,3/10/2019,39.9,799,10,3
1275,3/10/2019,104.65,798,11,4
1276,3/10/2019,58.8,743,12,5
1277,3/10/2019,194.6,247,13,6
1278,3/10/2019,179.6,73,14,7
1279,3/10/2019,25.9,10,15,8
1280,3/10/2019,11.8,154,16,9
1281,3/11/2019,175.6,1054,1,10
1282,3/11/2019,145.5,1055,2,11
1283,3/11/2019,292.3,1056,3,19
1284,3/11/2019,179.55,1057,4,20
1285,3/11/2019,382.4,1058,5,21
1286,3/11/2019,259.1,1059,6,22
1287,3/11/2019,116.55,1060,7,23
1288,3/11/2019,449.55,1061,8,24
1289,3/11/2019,39.9,1062,9,25
1290,3/11/2019,459.5,1063,10,1
1291,3/11/2019,243.5,1064,11,2
1292,3/11/2019,367.2,1065,12,3
1293,3/11/2019,353.35,1066,13,4
1294,3/11/2019,349.35,1067,14,5
1295,3/11/2019,323.35,1068,15,6
1296,3/11/2019,32.45,1069,16,7
1297,3/11/2019,228.5,1070,1,8
1298,3/11/2019,83.85,1071,2,9
1299,3/11/2019,438.45,1072,3,10
1300,3/11/2019,39.9,1073,4,11
1301,3/11/2019,59.9,1074,5,10
1302,3/11/2019,94.65,1075,6,11
1303,3/11/2019,104.65,1076,7,12
1304,3/11/2019,629.55,1077,8,13
1305,3/11/2019,134.4,1078,9,14
1306,3/11/2019,389.25,1079,10,10
1307,3/11/2019,479.25,1080,11,11
1308,3/11/2019,92.75,1081,12,12
1309,3/11/2019,130.55,1082,13,13
1310,3/11/2019,242.15,1083,14,14
1311,3/11/2019,139.65,1084,15,10
1312,3/11/2019,43.9,1085,16,11
1313,3/11/2019,391,1086,1,12
1314,3/11/2019,90.65,1087,2,13
1315,3/11/2019,190.55,1088,3,14
1316,3/11/2019,286.55,1089,4,1
1317,3/11/2019,25.9,1090,5,2
1318,3/11/2019,103.6,1091,6,3
1319,3/11/2019,307.1,1092,7,4
1320,3/11/2019,139.75,315,8,5
1321,3/11/2019,334.35,84,9,6
1322,3/11/2019,282.5,84,10,7
1323,3/11/2019,57.8,809,11,8
1324,3/11/2019,38.85,1030,12,9
1325,3/11/2019,161.5,787,13,10
1326,3/11/2019,291.45,786,14,11
1327,3/12/2019,455.05,1093,15,12
1328,3/12/2019,249.5,1094,16,13
1329,3/12/2019,77.7,1095,1,14
1330,3/12/2019,57.8,1096,2,15
1331,3/12/2019,119.6,1097,3,16
1332,3/12/2019,29.95,1098,4,17
1333,3/12/2019,342.4,1099,5,18
1334,3/12/2019,909.25,1100,6,19
1335,3/12/2019,466.2,1101,7,20
1336,3/12/2019,155.5,1102,8,21
1337,3/12/2019,25.9,1103,9,22
1338,3/12/2019,182.15,1104,10,23
1339,3/12/2019,153.65,1105,11,24
1340,3/12/2019,339.05,1106,12,25
1341,3/12/2019,74.7,1107,13,1
1342,3/12/2019,12.95,1108,14,2
1343,3/12/2019,130.55,1099,15,3
1344,3/12/2019,236.15,833,16,4
1345,3/12/2019,124.55,188,1,5
1346,3/12/2019,51.8,600,2,6
1347,3/13/2019,251.55,1109,3,7
1348,3/13/2019,119.6,1110,4,8
1349,3/13/2019,101.75,1111,5,9
1350,3/13/2019,137.55,1112,6,10
1351,3/13/2019,77.7,1113,7,11
1352,3/13/2019,224.35,1114,8,12
1353,3/13/2019,179.65,1115,9,13
1354,3/13/2019,180.35,1116,10,14
1355,3/13/2019,281.25,1117,11,15
1356,3/13/2019,203.85,1118,12,16
1357,3/13/2019,228.4,1119,13,17
1358,3/13/2019,26.55,1120,14,18
1359,3/13/2019,79.7,1121,15,19
1360,3/13/2019,241.1,1122,16,20
1361,3/13/2019,92.65,1123,1,21
1362,3/13/2019,74.85,1124,2,22
1363,3/13/2019,240.5,1125,3,23
1364,3/13/2019,134.73,1126,4,24
1365,3/13/2019,312.45,1127,5,25
1366,3/13/2019,233.15,1128,6,19
1367,3/13/2019,159.6,1129,7,20
1368,3/13/2019,289.6,1130,8,21
1369,3/13/2019,219.2,1131,9,22
1370,3/13/2019,219.35,1132,10,23
1371,3/13/2019,549.45,1133,11,24
1372,3/13/2019,162.5,1134,12,25
1373,3/13/2019,176.55,1135,13,1
1374,3/13/2019,319.05,1136,14,2
1375,3/13/2019,89.85,1137,15,3
1376,3/13/2019,209.65,1138,16,4
1377,3/13/2019,204.35,1139,1,5
1378,3/13/2019,426.5,1140,2,6
1379,3/13/2019,299.7,1141,3,7
1380,3/13/2019,119.8,1142,4,8
1381,3/13/2019,314.3,1143,5,9
1382,3/13/2019,14.85,1144,6,10
1383,3/13/2019,119.6,1145,7,11
1384,3/13/2019,191.55,1146,8,19
1385,3/13/2019,56.78,1147,9,20
1386,3/13/2019,19.95,1148,10,21
1387,3/13/2019,103.6,1149,11,22
1388,3/13/2019,29.9,1150,12,23
1389,3/13/2019,378,1151,13,24
1390,3/13/2019,49.95,1152,14,25
1391,3/13/2019,98.8,1153,15,1
1392,3/13/2019,97.5,248,16,2
1393,3/13/2019,134.25,335,1,3
1394,3/13/2019,108.8,129,2,4
1395,3/13/2019,259.65,1082,3,5
1396,3/13/2019,419.4,1031,4,6
1397,3/13/2019,274.65,931,5,7
1398,3/14/2019,372,1154,6,8
1399,3/14/2019,29.9,1155,7,9
1400,3/14/2019,347.15,1156,8,10
1401,3/14/2019,199.5,1157,9,11
1402,3/14/2019,284.2,1158,10,10
1403,3/14/2019,171.6,1159,11,11
1404,3/14/2019,124.75,1160,12,12
1405,3/14/2019,82.75,1161,13,13
1406,3/14/2019,99.75,1162,14,14
1407,3/14/2019,44.7,1163,15,10
1408,3/14/2019,356.35,1164,16,11
1409,3/14/2019,259.6,1165,1,12
1410,3/14/2019,59.8,1166,2,13
1411,3/14/2019,134.7,1167,3,14
1412,3/14/2019,34.85,1168,4,10
1413,3/14/2019,59.85,1169,5,11
1414,3/14/2019,219.6,1170,6,12
1415,3/14/2019,453.3,1171,7,13
1416,3/14/2019,19.95,1172,8,14
1417,3/14/2019,579.4,1173,9,1
1418,3/14/2019,91.7,1174,10,2
1419,3/14/2019,77.7,1175,11,3
1420,3/14/2019,277.7,1176,12,4
1421,3/14/2019,14.95,1177,13,5
1422,3/14/2019,89.7,1178,14,6
1423,3/14/2019,239.55,1179,15,7
1424,3/14/2019,409.55,1180,16,8
1425,3/14/2019,699.4,1181,1,9
1426,3/14/2019,43.9,1182,2,10
1427,3/14/2019,347.25,1183,3,11
1428,3/14/2019,338.35,1184,4,12
1429,3/14/2019,210.25,1185,5,13
1430,3/14/2019,388.5,1186,6,14
1431,3/14/2019,169.45,1187,7,15
1432,3/14/2019,362.15,41,8,16
1433,3/14/2019,65.85,190,9,17
1434,3/14/2019,77.7,1082,10,18
1435,3/14/2019,366.05,36,11,19
1436,3/14/2019,175.2,1179,12,20
1437,3/14/2019,238.15,1025,13,21
1438,3/14/2019,249.75,8,14,22
1439,3/14/2019,233.25,931,15,23
1440,3/15/2019,159.6,1188,16,24
1441,3/15/2019,464,1189,1,25
1442,3/15/2019,579.15,1190,2,1
1443,3/15/2019,179.55,1191,3,2
1444,3/15/2019,19.95,1192,4,3
1445,3/15/2019,44.85,1193,5,4
1446,3/15/2019,99.75,1194,6,5
1447,3/15/2019,74.75,1195,7,6
1448,3/15/2019,223.6,1196,8,7
1449,3/15/2019,205.45,1197,9,8
1450,3/15/2019,74.85,1198,10,9
1451,3/15/2019,90.65,1199,11,10
1452,3/15/2019,199.5,1200,12,11
1453,3/15/2019,289.3,1201,13,12
1454,3/15/2019,152.6,1202,14,13
1455,3/15/2019,189.45,1203,15,14
1456,3/15/2019,142.45,1204,16,15
1457,3/15/2019,134.55,1205,1,16
1458,3/15/2019,149.75,1206,2,17
1459,3/15/2019,614.1,1207,3,18
1460,3/15/2019,134.7,1208,4,19
1461,3/15/2019,74.75,1209,5,20
1462,3/15/2019,453.25,1210,6,21
1463,3/15/2019,440.4,1211,7,22
1464,3/15/2019,104.65,1212,8,23
1465,3/15/2019,119.6,1213,9,24
1466,3/15/2019,237.2,1214,10,25
1467,3/15/2019,264.6,1215,11,19
1468,3/15/2019,240.45,1216,12,20
1469,3/15/2019,79.8,1217,13,21
1470,3/15/2019,257.4,1218,14,22
1471,3/15/2019,239.6,1219,15,23
1472,3/15/2019,32.9,1220,16,24
1473,3/15/2019,44.85,1221,1,25
1474,3/15/2019,220.15,1222,2,1
1475,3/15/2019,158.6,1223,3,2
1476,3/15/2019,244.3,1224,4,3
1477,3/15/2019,267.2,1225,5,4
1478,3/15/2019,242.35,1226,6,5
1479,3/15/2019,116.55,1227,7,6
1480,3/15/2019,139.65,1228,8,7
1481,3/15/2019,338.55,1229,9,8
1482,3/15/2019,175.6,1230,10,9
1483,3/15/2019,174.15,1231,11,10
1484,3/15/2019,139.9,1232,12,11
1485,3/15/2019,237.4,1233,13,19
1486,3/15/2019,386.25,575,14,20
1487,3/15/2019,179.6,760,15,21
1488,3/15/2019,165.65,368,16,22
1489,3/15/2019,230.65,309,1,23
1490,3/15/2019,99.75,44,2,24
1491,3/15/2019,229.25,1133,3,25
1492,3/15/2019,518.35,794,4,1
1493,3/15/2019,209.1,912,5,2
1494,3/15/2019,39.9,786,6,3
1495,3/15/2019,209.65,1030,7,4
1496,3/15/2019,39.9,922,8,5
1497,3/15/2019,191.45,831,9,6
1498,3/16/2019,116.55,1234,10,7
1499,3/16/2019,209.45,1235,11,8
1500,3/16/2019,190.5,1236,12,9
1501,3/16/2019,55.9,1237,13,10
1502,3/16/2019,214.05,1238,14,11
1503,3/16/2019,232.4,1239,15,10
1504,3/16/2019,174.85,1240,16,11
1505,3/16/2019,349.65,1241,1,12
1506,3/16/2019,39.9,1242,2,13
1507,3/16/2019,234.3,1243,3,14
1508,3/16/2019,463.95,1244,4,10
1509,3/16/2019,174.65,1245,5,11
1510,3/16/2019,362.6,1246,6,12
1511,3/16/2019,203.35,1247,7,13
1512,3/16/2019,127.2,1248,8,14
1513,3/16/2019,442.25,1249,9,10
1514,3/16/2019,133.6,1250,10,11
1515,3/16/2019,160.45,1251,11,12
1516,3/16/2019,156.45,1252,12,13
1517,3/16/2019,44.85,1253,13,14
1518,3/16/2019,255.2,1254,14,1
1519,3/16/2019,96.65,1255,15,2
1520,3/16/2019,359.3,1256,16,3
1521,3/16/2019,300.05,1257,1,4
1522,3/16/2019,194.6,1258,2,5
1523,3/16/2019,143.01,1259,3,6
1524,3/16/2019,421.4,1260,4,7
1525,3/16/2019,165.55,1261,5,8
1526,3/16/2019,19.95,1262,6,9
1527,3/16/2019,77.7,1263,7,10
1528,3/16/2019,271.55,1264,8,11
1529,3/16/2019,104.65,1265,9,12
1530,3/16/2019,51.8,1266,10,13
1531,3/16/2019,64.75,1267,11,14
1532,3/16/2019,280,1268,12,15
1533,3/16/2019,42.8,1269,13,16
1534,3/16/2019,25.9,1270,14,17
1535,3/16/2019,174.55,1271,15,18
1536,3/16/2019,49.95,1272,16,19
1537,3/16/2019,11.8,1273,1,20
1538,3/16/2019,130.55,1274,2,21
1539,3/16/2019,120.6,1077,3,22
1540,3/16/2019,521.1,454,4,23
1541,3/16/2019,159.6,229,5,24
1542,3/16/2019,380.3,743,6,25
1543,3/16/2019,165.65,1259,7,1
1544,3/16/2019,159.6,1194,8,2
1545,3/16/2019,69.65,204,9,3
1546,3/17/2019,2.95,1275,10,4
1547,3/17/2019,669.35,1276,11,5
1548,3/17/2019,166.98,1277,12,6
1549,3/17/2019,219.4,1278,13,7
1550,3/17/2019,234.35,1279,14,8
1551,3/17/2019,142.45,1280,15,9
1552,3/17/2019,99.8,1281,16,10
1553,3/17/2019,239.3,1282,1,11
1554,3/17/2019,166.7,1283,2,12
1555,3/17/2019,14.75,1284,3,13
1556,3/17/2019,209.65,1285,4,14
1557,3/17/2019,461.45,1286,5,15
1558,3/17/2019,263.4,1287,6,16
1559,3/17/2019,167.7,935,7,17
1560,3/17/2019,44.65,274,8,18
1561,3/17/2019,449.6,947,9,19
1562,3/18/2019,354.05,1288,10,20
1563,3/18/2019,103.6,1289,11,21
1564,3/18/2019,51.8,1290,12,22
1565,3/18/2019,301.8,1291,13,23
1566,3/18/2019,104.65,1292,14,24
1567,3/18/2019,89.85,1293,15,25
1568,3/18/2019,197.7,1294,16,19
1569,3/18/2019,167.4,1295,1,20
1570,3/18/2019,222.6,1296,2,21
1571,3/18/2019,62.4,1297,3,22
1572,3/18/2019,499.5,1298,4,23
1573,3/18/2019,197.7,1299,5,24
1574,3/18/2019,318.25,1300,6,25
1575,3/18/2019,264.25,1301,7,1
1576,3/18/2019,159.6,1302,8,2
1577,3/18/2019,199.8,1303,9,3
1578,3/18/2019,110.6,71,10,4
1579,3/18/2019,129.8,1126,11,5
1580,3/18/2019,289.15,1247,12,6
1581,3/18/2019,117.65,1053,13,7
1582,3/18/2019,449.55,37,14,8
1583,3/18/2019,59.9,753,15,9
1584,3/18/2019,597.05,382,16,10
1585,3/18/2019,233.3,1255,1,11
1586,3/18/2019,32.95,10,2,19
1587,3/18/2019,149.85,1198,3,20
1588,3/18/2019,232.7,335,4,21
1589,3/19/2019,74.75,1304,5,22
1590,3/19/2019,289.1,1305,6,23
1591,3/19/2019,29.95,1306,7,24
1592,3/19/2019,116.55,1307,8,25
1593,3/19/2019,515.8,1308,9,1
1594,3/19/2019,98.6,1309,10,2
1595,3/19/2019,12.95,1310,11,3
1596,3/19/2019,424.45,1311,12,4
1597,3/19/2019,279.8,1312,13,5
1598,3/19/2019,145.45,1313,14,6
1599,3/19/2019,159.4,1314,15,7
1600,3/19/2019,55.8,1315,16,8
1601,3/19/2019,25.9,1316,1,9
1602,3/19/2019,137.55,1317,2,10
1603,3/19/2019,124.75,1318,3,11
1604,3/19/2019,131.5,1319,4,10
1605,3/19/2019,149.5,1320,5,11
1606,3/19/2019,143.55,1321,6,12
1607,3/19/2019,201.4,1322,7,13
1608,3/19/2019,54.85,1323,8,14
1609,3/19/2019,306.1,1324,9,10
1610,3/19/2019,388.85,1325,10,11
1611,3/19/2019,139.65,1326,11,12
1612,3/19/2019,529.2,1059,12,13
1613,3/19/2019,166.45,368,13,14
1614,3/19/2019,270.45,204,14,10
1615,3/19/2019,418.9,935,15,11
1616,3/19/2019,84.7,74,16,12
1617,3/19/2019,371.2,975,1,13
1618,3/19/2019,321.35,241,2,14
1619,3/20/2019,392.35,1327,3,1
1620,3/20/2019,163.4,1328,4,2
1621,3/20/2019,229.35,1329,5,3
1622,3/20/2019,19.92,1330,6,4
1623,3/20/2019,135.5,1331,7,5
1624,3/20/2019,59.85,1332,8,6
1625,3/20/2019,233.35,1333,9,7
1626,3/20/2019,657.1,1334,10,8
1627,3/20/2019,60.8,1335,11,9
1628,3/20/2019,319.1,1336,12,10
1629,3/20/2019,139.65,1337,13,11
1630,3/20/2019,74.75,1338,14,12
1631,3/20/2019,211.55,1339,15,13
1632,3/20/2019,415.25,1340,16,14
1633,3/20/2019,199.8,1341,1,15
1634,3/20/2019,417.7,1342,2,16
1635,3/20/2019,136.55,1343,3,17
1636,3/20/2019,104.65,1344,4,18
1637,3/20/2019,262.2,1153,5,19
1638,3/20/2019,449.55,8,6,20
1639,3/20/2019,199.8,7,7,21
1640,3/20/2019,44.85,65,8,22
1641,3/20/2019,77.7,248,9,23
1642,3/20/2019,29.95,159,10,24
1643,3/20/2019,153.65,625,11,25
1644,3/20/2019,20.65,84,12,1
1645,3/20/2019,99.9,833,13,2
1646,3/20/2019,240.3,579,14,3
1647,3/20/2019,116.55,740,15,4
1648,3/21/2019,119.6,1345,16,5
1649,3/21/2019,19.95,1346,1,6
1650,3/21/2019,77.7,1347,2,7
1651,3/21/2019,182.4,1348,3,8
1652,3/21/2019,139.75,1349,4,9
1653,3/21/2019,299.7,1350,5,10
1654,3/21/2019,38.85,1351,6,11
1655,3/21/2019,447.3,1352,7,12
1656,3/21/2019,466.2,1353,8,13
1657,3/21/2019,99.75,1354,9,14
1658,3/21/2019,414.4,1355,10,15
1659,3/21/2019,59.8,1356,11,16
1660,3/21/2019,329,1357,12,17
1661,3/21/2019,376.3,1358,13,18
1662,3/21/2019,688.8,1359,14,19
1663,3/21/2019,196.95,1360,15,20
1664,3/21/2019,159.65,1361,16,21
1665,3/21/2019,616.95,1362,1,22
1666,3/21/2019,310.4,1363,2,23
1667,3/21/2019,119.7,1364,3,24
1668,3/21/2019,2.95,1365,4,25
1669,3/21/2019,209.4,1366,5,19
1670,3/21/2019,179.7,1367,6,20
1671,3/21/2019,177.1,1368,7,21
1672,3/21/2019,196.95,1369,8,22
1673,3/21/2019,84.8,1370,9,23
1674,3/21/2019,87.8,1371,10,24
1675,3/21/2019,1329.55,1372,11,25
1676,3/21/2019,199.6,1373,12,1
1677,3/21/2019,272.35,1374,13,2
1678,3/21/2019,220.15,1375,14,3
1679,3/21/2019,339.2,1376,15,4
1680,3/21/2019,489.65,97,16,5
1681,3/21/2019,111.8,340,1,6
1682,3/21/2019,5.9,73,2,7
1683,3/21/2019,134.55,1217,3,8
1684,3/21/2019,200.4,1142,4,9
1685,3/21/2019,38.85,1044,5,10
1686,3/21/2019,294.3,623,6,11
1687,3/21/2019,127.35,833,7,19
1688,3/21/2019,179.55,335,8,20
1689,3/21/2019,159.6,1327,9,21
1690,3/21/2019,138.75,931,10,22
1691,3/21/2019,203.15,274,11,23
1692,3/21/2019,24.95,44,12,24
1693,3/21/2019,399.05,785,13,25
1694,3/22/2019,249.2,1377,14,1
1695,3/22/2019,38.85,1378,15,2
1696,3/22/2019,658.65,1379,16,3
1697,3/22/2019,90.65,1380,1,4
1698,3/22/2019,77.7,1381,2,5
1699,3/22/2019,216.3,1382,3,6
1700,3/22/2019,226.15,1383,4,7
1701,3/22/2019,296.55,1384,5,8
1702,3/22/2019,41.8,1385,6,9
1703,3/22/2019,19.95,1386,7,10
1704,3/22/2019,271.3,1387,8,11
1705,3/22/2019,197.55,1388,9,10
1706,3/22/2019,279.3,1389,10,11
1707,3/22/2019,384.2,1390,11,12
1708,3/22/2019,55.9,1391,12,13
1709,3/22/2019,199.8,1392,13,14
1710,3/22/2019,197.55,1393,14,10
1711,3/22/2019,251.55,1394,15,11
1712,3/22/2019,139.65,1395,16,12
1713,3/22/2019,219.45,1396,1,13
1714,3/22/2019,144.55,1397,2,14
1715,3/22/2019,115.4,1398,3,10
1716,3/22/2019,142.45,1399,4,11
1717,3/22/2019,44.85,1400,5,12
1718,3/22/2019,83.85,1401,6,13
1719,3/22/2019,76.75,1402,7,14
1720,3/22/2019,271.95,1403,8,6
1721,3/22/2019,209.65,1404,9,7
1722,3/22/2019,102.65,1405,10,8
1723,3/22/2019,230.66,1406,11,9
1724,3/22/2019,22.41,1407,12,10
1725,3/22/2019,139.65,1408,13,11
1726,3/22/2019,234.35,1409,14,19
1727,3/22/2019,251.55,1410,15,20
1728,3/22/2019,1077.7,1411,16,21
1729,3/22/2019,331.5,1412,1,22
1730,3/22/2019,164.55,1413,2,23
1731,3/22/2019,29.9,1414,3,24
1732,3/22/2019,209.85,1415,4,25
1733,3/22/2019,319.35,1416,5,1
1734,3/22/2019,289.5,1196,6,2
1735,3/23/2019,14.75,1417,7,3
1736,3/23/2019,503.2,1418,8,4
1737,3/23/2019,114.65,1419,9,6
1738,3/23/2019,250,1420,10,7
1739,3/23/2019,124.65,1421,11,8
1740,3/23/2019,234.55,1422,12,9
1741,3/23/2019,59.85,1423,13,10
1742,3/23/2019,1195.55,1424,14,11
1743,3/23/2019,262.95,1425,15,19
1744,3/23/2019,189.5,1426,16,20
1745,3/23/2019,51.8,1427,1,21
1746,3/23/2019,369.25,1428,2,22
1747,3/23/2019,349.65,1429,3,23
1748,3/23/2019,288.6,1430,4,24
1749,3/23/2019,38.85,1431,5,25
1750,3/23/2019,355.1,1432,6,1
1751,3/23/2019,96.35,1433,7,2
1752,3/23/2019,1051.8,1434,8,3
1753,3/23/2019,125.6,1435,9,4
1754,3/23/2019,259.6,1436,10,6
1755,3/23/2019,29.92,1437,11,7
1756,3/23/2019,29.95,1438,12,8
1757,3/23/2019,268.4,1439,13,9
1758,3/23/2019,349.65,1440,14,10
1759,3/23/2019,230.3,1441,15,11
1760,3/23/2019,367.2,1442,16,19
1761,3/23/2019,559.35,1443,1,20
1762,3/23/2019,100,1444,2,21
1763,3/23/2019,321.2,1445,3,22
1764,3/23/2019,1007.9,1446,4,23
1765,3/23/2019,122.5,785,5,24
1766,3/23/2019,17.7,876,6,25
1767,3/24/2019,919.2,1447,7,1
1768,3/24/2019,17.7,1448,8,2
1769,3/24/2019,25,1449,9,3
1770,3/24/2019,171.25,1450,10,4
1771,3/24/2019,49.95,1451,11,6
1772,3/24/2019,38.85,1452,12,7
1773,3/24/2019,29.85,1453,13,8
1774,3/24/2019,350.15,1454,14,9
1775,3/24/2019,319.45,1455,15,10
1776,3/24/2019,329.4,1456,16,11
1777,3/24/2019,17.7,1457,1,19
1778,3/24/2019,1359.4,1458,2,20
1779,3/24/2019,575.85,1459,3,21
1780,3/24/2019,399.6,1460,4,22
1781,3/24/2019,304.2,1461,5,23
1782,3/24/2019,204.7,1462,6,24
1783,3/24/2019,175.5,1463,7,25
1784,3/24/2019,139.65,1464,8,1
1785,3/24/2019,160.3,1465,9,2
1786,3/24/2019,325.6,1466,10,3
1787,3/24/2019,375,1467,11,4
1788,3/24/2019,399.6,1468,12,6
1789,3/24/2019,119.7,1469,13,7
1790,3/24/2019,59.85,1470,14,8
1791,3/24/2019,559.2,1471,15,9
1792,3/24/2019,32.95,1472,16,10
1793,3/24/2019,223.6,1473,1,11
1794,3/24/2019,25.9,1474,2,19
1795,3/24/2019,250,1475,3,20
1796,3/24/2019,211.4,1476,4,21
1797,3/24/2019,100,1477,5,22
1798,3/24/2019,1023.6,1478,6,23
1799,3/24/2019,172.15,1479,7,24
1800,3/24/2019,309.85,1480,8,25
1801,3/24/2019,677.8,1481,9,1
1802,3/24/2019,120.45,1482,10,2
1803,3/24/2019,341.2,1483,11,3
1804,3/24/2019,548.1,1484,12,4
1805,3/24/2019,31.72,1142,13,6
1806,3/24/2019,19.9,24,14,7
1807,3/24/2019,244.2,1082,15,8
1808,3/24/2019,4,454,16,9
1809,3/24/2019,91.65,1196,1,10
1810,3/24/2019,299.55,1444,2,11
1811,3/24/2019,399.6,1454,3,19
1812,3/24/2019,505.05,740,4,20
1813,3/24/2019,103.6,399,5,21
1814,3/25/2019,242.45,1485,6,22
1815,3/25/2019,589.05,1486,7,23
1816,3/25/2019,1000,1487,8,24
1817,3/25/2019,149.85,1488,9,25
1818,3/25/2019,100,1489,10,1
1819,3/25/2019,25.9,1490,11,2
1820,3/25/2019,459.3,1491,12,3
1821,3/25/2019,263,1492,13,4
1822,3/25/2019,54.65,1493,14,1
1823,3/25/2019,732.85,1494,15,2
1824,3/25/2019,128.55,309,16,3
1825,3/25/2019,103.8,1484,1,4
1826,3/25/2019,271.45,13,2,5
1827,3/25/2019,4,414,3,6
1828,3/25/2019,341.65,1295,4,7
1829,3/25/2019,175.6,947,5,8
1830,3/26/2019,69.85,1495,6,9
1831,3/26/2019,280.4,1496,7,10
1832,3/26/2019,532.1,1497,8,11
1833,3/26/2019,249.75,1498,9,12
1834,3/26/2019,357.55,1499,10,13
1835,3/26/2019,457.05,1500,11,14
1836,3/26/2019,392.2,1501,12,15
1837,3/26/2019,501.35,1502,13,16
1838,3/26/2019,119.7,1503,14,17
1839,3/26/2019,254.35,1504,15,18
1840,3/26/2019,117.45,1505,16,19
1841,3/26/2019,94.7,1506,1,20
1842,3/26/2019,257.25,1507,2,21
1843,3/26/2019,23.6,1508,3,22
1844,3/26/2019,100,1509,4,23
1845,3/26/2019,51.8,1510,5,24
1846,3/26/2019,136.45,1511,6,25
1847,3/26/2019,1101.3,1512,7,1
1848,3/26/2019,79.8,1513,8,2
1849,3/26/2019,438.45,1514,9,3
1850,3/26/2019,312.65,1515,10,4
1851,3/26/2019,203.25,1516,11,5
1852,3/26/2019,1127.65,1517,12,6
1853,3/26/2019,449.55,1518,13,7
1854,3/26/2019,60.7,625,14,8
1855,3/26/2019,314.5,183,15,9
1856,3/26/2019,207.55,787,16,10
1857,3/26/2019,2.95,36,1,11
1858,3/26/2019,264.55,1119,2,12
1859,3/26/2019,156.45,10,3,13
1860,3/27/2019,750,1519,4,14
1861,3/27/2019,279.7,1520,5,15
1862,3/27/2019,699.15,1521,6,16
1863,3/27/2019,103.6,1522,7,17
1864,3/27/2019,196.9,1523,8,18
1865,3/27/2019,514.25,1524,9,19
1866,3/27/2019,99.75,1525,10,20
1867,3/27/2019,209.65,1526,11,21
1868,3/27/2019,139.65,1527,12,22
1869,3/27/2019,74.95,1528,13,23
1870,3/27/2019,40.65,1529,14,24
1871,3/27/2019,20.65,1530,15,25
1872,3/27/2019,159.85,1531,16,19
1873,3/27/2019,99.9,1532,1,20
1874,3/27/2019,51.8,1533,2,21
1875,3/27/2019,99.9,1534,3,22
1876,3/27/2019,364.4,1535,4,23
1877,3/27/2019,399.6,1536,5,24
1878,3/27/2019,163.4,1537,6,25
1879,3/27/2019,84.4,1538,7,1
1880,3/27/2019,219.35,1539,8,2
1881,3/27/2019,149.85,1540,9,3
1882,3/27/2019,449.55,1541,10,4
1883,3/27/2019,322.11,1542,11,5
1884,3/27/2019,89.7,1543,12,6
1885,3/27/2019,525.9,1544,13,7
1886,3/27/2019,408.95,1545,14,8
1887,3/27/2019,14.75,1546,15,9
1888,3/27/2019,677.1,1547,16,10
1889,3/27/2019,14.75,1548,1,11
1890,3/27/2019,310.85,1549,2,19
1891,3/27/2019,209.25,1550,3,20
1892,3/27/2019,399.85,1551,4,21
1893,3/27/2019,42.7,1552,5,22
1894,3/27/2019,25,1553,6,23
1895,3/27/2019,249.75,1554,7,24
1896,3/27/2019,104.65,1555,8,25
1897,3/27/2019,50,1556,9,1
1898,3/27/2019,488.4,1557,10,2
1899,3/27/2019,100,1558,11,3
1900,3/27/2019,288.15,1456,12,4
1901,3/27/2019,355.15,44,13,5
1902,3/27/2019,115.5,334,14,6
1903,3/27/2019,364.35,1513,15,7
1904,3/27/2019,363.15,975,16,8
1905,3/27/2019,64.75,1481,1,9
1906,3/27/2019,493.35,1382,2,10
1907,3/27/2019,7,851,3,11
1908,3/27/2019,414.25,1031,4,10
1909,3/27/2019,118.85,1533,5,11
1910,3/28/2019,42.7,1559,6,12
1911,3/28/2019,132.6,1560,7,13
1912,3/28/2019,915.75,1561,8,14
1913,3/28/2019,100,1562,9,10
1914,3/28/2019,266.3,1563,10,11
1915,3/28/2019,181.2,1564,11,12
1916,3/28/2019,128.35,1565,12,13
1917,3/28/2019,339.6,1566,13,14
1918,3/28/2019,1419.6,1567,14,10
1919,3/28/2019,209.85,1568,15,11
1920,3/28/2019,249.75,1569,16,12
1921,3/28/2019,74.95,1570,1,13
1922,3/28/2019,199.6,1571,2,14
1923,3/28/2019,239.6,1572,3,1
1924,3/28/2019,139.65,1573,4,2
1925,3/28/2019,100,1574,5,3
1926,3/28/2019,121.4,1575,6,4
1927,3/28/2019,12.95,1576,7,5
1928,3/28/2019,87.8,1577,8,6
1929,3/28/2019,59.9,1578,9,7
1930,3/28/2019,1079.8,1579,10,8
1931,3/28/2019,399.6,1580,11,9
1932,3/28/2019,266.6,1581,12,10
1933,3/28/2019,265.65,1582,13,11
1934,3/28/2019,1046.5,1583,14,12
1935,3/28/2019,371.45,1584,15,13
1936,3/28/2019,252.7,1585,16,14
1937,3/28/2019,274.7,1586,1,15
1938,3/28/2019,130.52,1587,2,16
1939,3/28/2019,14.94,229,3,17
1940,3/28/2019,176.55,1237,4,18
1941,3/28/2019,106.65,1578,5,19
1942,3/28/2019,915.15,1070,6,20
1943,3/28/2019,609,1154,7,21
1944,3/28/2019,33.55,195,8,22
1945,3/28/2019,204.9,975,9,23
1946,3/28/2019,169.3,275,10,24
1947,3/28/2019,473.85,807,11,25
1948,3/28/2019,124.65,1245,12,1
1949,3/28/2019,153.5,1265,13,2
1950,3/28/2019,369.3,183,14,3
1951,3/28/2019,14.75,1414,15,4
1952,3/28/2019,149.5,1456,16,5
1953,3/28/2019,83.4,199,1,6
1954,3/29/2019,79.75,1588,2,7
1955,3/29/2019,449.55,1589,3,8
1956,3/29/2019,1090.65,1590,4,9
1957,3/29/2019,25,1591,5,10
1958,3/29/2019,1124.75,1592,6,11
1959,3/29/2019,232.8,1593,7,12
1960,3/29/2019,59.9,1594,8,13
1961,3/29/2019,89.65,1595,9,14
1962,3/29/2019,644.7,1596,10,15
1963,3/29/2019,25.9,1597,11,16
1964,3/29/2019,116.55,1598,12,17
1965,3/29/2019,222.4,1599,13,18
1966,3/29/2019,302.7,1600,14,19
1967,3/29/2019,5.9,1601,15,20
1968,3/29/2019,224.35,1602,16,21
1969,3/29/2019,11.8,1603,1,22
1970,3/29/2019,143.1,1604,2,23
1971,3/29/2019,116.55,1605,3,24
1972,3/29/2019,109.75,1606,4,25
1973,3/29/2019,24.95,1607,5,19
1974,3/29/2019,172.05,1608,6,20
1975,3/29/2019,87.8,1609,7,21
1976,3/29/2019,49.95,1610,8,22
1977,3/29/2019,177.65,1611,9,23
1978,3/29/2019,59.85,1612,10,24
1979,3/29/2019,264.5,1613,11,25
1980,3/29/2019,893.7,1614,12,1
1981,3/29/2019,39.9,1615,13,2
1982,3/29/2019,144.55,1616,14,3
1983,3/29/2019,79.8,1617,15,4
1984,3/29/2019,1000,1618,16,5
1985,3/29/2019,349.75,1619,1,6
1986,3/29/2019,19.95,1620,2,7
1987,3/29/2019,269.6,1621,3,8
1988,3/29/2019,249.85,1622,4,9
1989,3/29/2019,430.5,1623,5,10
1990,3/29/2019,549.7,1624,6,11
1991,3/29/2019,1179.55,1625,7,19
1992,3/29/2019,129.5,1626,8,20
1993,3/29/2019,99.9,1366,9,21
1994,3/29/2019,137.4,1346,10,22
1995,3/29/2019,86.5,1574,11,23
1996,3/29/2019,15.8,518,12,24
1997,3/29/2019,43.5,290,13,25
1998,3/29/2019,5.9,1407,14,1
1999,3/29/2019,59.85,1153,15,2
2000,3/29/2019,95.7,1247,16,3
2001,3/29/2019,139.65,1247,1,4
2002,3/29/2019,174.5,24,2,5
2003,3/29/2019,119.7,1407,3,6
2004,3/29/2019,59.85,65,4,7
2005,3/29/2019,2.49,375,5,8
2006,3/30/2019,200.6,1627,6,9
2007,3/30/2019,645.2,1628,7,10
2008,3/30/2019,169.8,1629,8,11
2009,3/30/2019,310.25,1630,9,10
2010,3/30/2019,313.15,1631,10,11
2011,3/30/2019,179.55,1632,11,12
2012,3/30/2019,169.8,1633,12,13
2013,3/30/2019,19.95,1634,13,14
2014,3/30/2019,402.4,1635,14,10
2015,3/30/2019,338.55,1636,15,11
2016,3/30/2019,187.45,1637,16,12
2017,3/30/2019,349.65,1413,1,13
2018,3/31/2019,43.55,1638,2,14
2019,3/31/2019,2.95,1639,3,10
2020,3/31/2019,264.5,1640,4,11
2021,3/31/2019,1019.95,1641,5,12
2022,3/31/2019,23.6,1642,6,13
2023,3/31/2019,1065.85,1643,7,14
2024,3/31/2019,213.55,1644,8,1
2025,3/31/2019,1020.65,1645,9,2
2026,3/31/2019,196.35,1646,10,3
2027,3/31/2019,515.4,1647,11,4
2028,3/31/2019,1000,1648,12,5
2029,3/31/2019,5.9,1649,13,6
2030,3/31/2019,164.75,1650,14,7
2031,3/31/2019,522.05,1651,15,8
2032,3/31/2019,119.7,1652,16,9
2033,3/31/2019,449.55,188,1,10
2034,3/31/2019,188.2,139,2,11
2035,3/31/2019,145.55,1327,3,12
2036,3/31/2019,140.4,1594,4,13
2037,3/31/2019,2,1406,5,14
2038,3/31/2019,200.45,62,6,15
2039,3/31/2019,12,1255,7,16
2040,3/31/2019,53.7,776,8,17
2041,3/31/2019,176.5,623,9,18
2042,3/31/2019,414.55,399,10,19
2043,3/31/2019,16.85,1643,11,20
2044,3/31/2019,299.7,1369,12,21
2045,3/31/2019,611.1,896,13,22
2046,3/31/2019,179.7,288,14,23
2047,3/31/2019,407.2,183,15,24
2048,3/31/2019,264.7,241,16,25
2049,3/31/2019,226.45,1649,16,1
